{"_Data":{"_Locations":[{"_Name":"Start_First_Floor","_Id":0,"_Coordinates":{"x":0,"y":0,"z":0},"_Type":[{"_Id":0,"_Name":"Ground_MAP","_Type":"Ground_MAP","_Version":1003},{"_Id":1,"_Name":"Obstacle_MAP","_Type":"Obstacle_MAP","_Version":1004}]},{"_Name":"Start_Second_Floor","_Id":1,"_Coordinates":{"x":0,"y":0,"z":0},"_Type":[{"_Id":1,"_Name":"Obstacle_MAP","_Type":"Obstacle_MAP","_Version":1003},{"_Id":1,"_Name":"Obstacle_MAP","_Type":"Obstacle_MAP","_Version":1004}]}],"_Items":[{"_Id":0,"_Name":"Armor","_Type":"Wearable","_Version":0},{"_Id":1,"_Name":"Kamyk","_Type":"Wartosciowe","_Version":0},{"_Id":2,"_Name":"Mikstura \u017Cycia","_Type":"Consumable","_Version":0}]}}