{
  "_Data": {
    "_Locations": [
      {
        "_Name": "Start_First_Floor",
        "_Id": 0,
        "_Coordinates": { "x": 7, "y": -2, "z": 14 },
        "_Type": [
          {
            "_Id": 0,
            "_Name": "Ground_MAP",
            "_Type": "Ground_MAP",
            "_Version": 1008
          },
          {
            "_Id": 1,
            "_Name": "Obstacle_MAP",
            "_Type": "Obstacle_MAP",
            "_Version": 1075
          }
        ]
      },
      {
        "_Name": "Start_Second_Floor",
        "_Id": 1,
        "_Coordinates": { "x": 7, "y": -2, "z": 14 },
        "_Type": [
          {
            "_Id": 0,
            "_Name": "Ground_MAP",
            "_Type": "Ground_MAP",
            "_Version": 1008
          },
          {
            "_Id": 1,
            "_Name": "Obstacle_MAP",
            "_Type": "Obstacle_MAP",
            "_Version": 1014
          }
        ]
      },
      {
        "_Name": "DUNGEON_1",
        "_Id": 2,
        "_Coordinates": { "x": -14, "y": -1, "z": 2},
        "_Type": [
          {
            "_Id": 0,
            "_Name": "Ground_MAP",
            "_Type": "Ground_MAP",
            "_Version": 1000
          },
          {
            "_Id": 1,
            "_Name": "Obstacle_MAP",
            "_Type": "Obstacle_MAP",
            "_Version": 1002
          }
        ]
      }
    ],
    "_Items": [
      { "_Id": 0, "_Name": "Armor", "_Type": "Wearable", "_Version": 1000 },
      { "_Id": 1, "_Name": "Kamyk", "_Type": "Wartosciowe", "_Version": 1000 },
      {
        "_Id": 2,
        "_Name": "Mikstura \u017Cycia",
        "_Type": "Consumable",
        "_Version": 1002
      }
    ]
  }
}
